LocationID,StudyAreaID,LocationName,UTM_E,UTM_N,UTMZone,City
1,1,AUTX-C01-EML,-97.83463,30.34375,WGS1984,AUTX
2,1,AUTX-C01-WBP,-97.81902,30.31024,WGS1984,AUTX
3,1,AUTX-C02-RBI,-97.786779,30.290917,WGS1984,AUTX
4,1,AUTX-C02-PEA,-97.753562,30.284234,WGS1984,AUTX
5,1,AUTX-C02-ZIL,-97.77658,30.27233,WGS1984,AUTX
6,1,AUTX-C02-EAS,-97.73121,30.28999,WGS1984,AUTX
7,1,AUTX-C02-BRU,-97.7393,30.26554,WGS1984,AUTX
8,1,AUTX-C02-BOG,-97.71228,30.27004,WGS1984,AUTX
9,1,AUTX-C02-MET,-97.71922,30.25133,WGS1984,AUTX
10,1,AUTX-C03-MON,-97.69046,30.23159,WGS1984,AUTX
11,1,AUTX-C03-HOR,-97.65006,30.2151,WGS1984,AUTX
12,1,AUTX-C02-ROY,-97.70617,30.24436,WGS1984,AUTX
13,1,AUTX-C03-ONI,-97.61216,30.19906,WGS1984,AUTX
14,1,AUTX-H02-BLU,-97.74773,30.23288,WGS1984,AUTX
15,1,AUTX_BCG,-97.78541,30.25653,WGS1984,AUTX
16,1,AUTX_DNP,-97.75131,30.27325,WGS1984,AUTX
17,1,AUTX_CPP,-97.72868,30.26084,WGS1984,AUTX
18,1,AUTX_EW/FG,-97.72793,30.24981,WGS1984,AUTX
20,1,AUTX_CF,-97.89115,30.33687,WGS1984,AUTX
21,1,AUTX_TNP,-97.76015,30.29651,WGS1984,AUTX
22,1,AUTX_MFBCP,-97.76458,30.28177,WGS1984,AUTX
23,1,AUTX_BRDP,-97.67275,30.25733,WGS1984,AUTX
24,1,AUTX_CRWS,-97.6949,30.24726,WGS1984,AUTX
25,1,AUTX_GVP,-97.68904,30.26038,WGS1984,AUTX
26,1,AUTX_EBCGB,-97.683,30.26237,WGS1984,AUTX
27,1,AUTX_WBCG,-97.75843,30.25642,WGS1984,AUTX
752,1,JCA01,4321625,687769,14S,MAKS
753,1,JCA02,4322528,686824,14S,MAKS
754,1,JCA03,4322318,685547,14S,MAKS
755,1,JCA04,4321630,684450,14S,MAKS
756,1,JCA05,4322508,683392,14S,MAKS
757,1,JCA06,4321903,682174,14S,MAKS
758,1,JCA07,4322097,680646,14S,MAKS
759,1,JCA08,4321811,679634,14S,MAKS
760,1,JCA09,4321651,678517,14S,MAKS
761,1,JCA10,4321870,677111,14S,MAKS
762,1,JCB02,4323175,688296,14S,MAKS
763,1,JCB03,4324157,687481,14S,MAKS
764,1,JCB04,4325482,688193,14S,MAKS
765,1,JCB05,4326604,688133,14S,MAKS
766,1,JCB06,4327580,688329,14S,MAKS
767,1,JCB07,4328764,688176,14S,MAKS
768,1,JCB08,4330050,688463,14S,MAKS
769,1,JCB09,4331023,688074,14S,MAKS
770,1,JCB10,4332127,688753,14S,MAKS
771,1,JCC02,4321098,688396,14S,MAKS
772,1,JCC03,4321922,689773,14S,MAKS
773,1,JCC04,4322098,691086,14S,MAKS
774,1,JCC05,4322213,692344,14S,MAKS
775,1,JCC06,4322255,693266,14S,MAKS
776,1,JCC07,4323661,695036,14S,MAKS
777,1,JCC08,4322940,695445,14S,MAKS
778,1,JCC09,4323481,697747,14S,MAKS
779,1,JCC10,4324180,698482,14S,MAKS
780,1,JCD02,4320560,687025,14S,MAKS
781,1,JCD03,4320902,686055,14S,MAKS
782,1,JCD04,4319716,685437,14S,MAKS
783,1,JCD05,4319136,684489,14S,MAKS
784,1,JCD06,4319131,683441,14S,MAKS
785,1,JCD07,4318124,682810,14S,MAKS
786,1,JCD08,4317018,683638,14S,MAKS
787,1,JCD09,4316572,682047,14S,MAKS
788,1,JCD10,4315594,681818,14S,MAKS
789,2,MA01,4340089,711241,14S,MAKS
790,2,MA02,4340176,710262,14S,MAKS
791,2,MA03,4340471,709141,14S,MAKS
792,2,MA04,4340950,707767,14S,MAKS
793,2,MA05,4340844,706550,14S,MAKS
794,2,MA06,4341399,705684,14S,MAKS
795,2,MA07,4340828,704892,14S,MAKS
796,2,MA08,4341465,703866,14S,MAKS
797,2,MA09,4341322,702364,14S,MAKS
798,2,MA10,4341740,701500,14S,MAKS
799,2,MB02,4341179,710490,14S,MAKS
800,2,MB03,4341012,709425,14S,MAKS
801,2,MB04,4342501,708630,14S,MAKS
802,2,MB05,4342548,707477,14S,MAKS
803,2,MB06,4343299,706732,14S,MAKS
804,2,MB07,4343852,705634,14S,MAKS
805,2,MB08,4344714,704654,14S,MAKS
806,2,MB09,4342548,704133,14S,MAKS
807,2,MB10,4345802,702999,14S,MAKS
808,2,MC02,4341402,711866,14S,MAKS
809,2,MC03,4341420,713007,14S,MAKS
810,2,MC04,4342446,713904,14S,MAKS
811,2,MC05,4343699,713881,14S,MAKS
812,2,MC06,4344510,714943,14S,MAKS
813,2,MC07,4345600,715460,14S,MAKS
814,2,MC08,4346179,717008,14S,MAKS
815,2,MC09,4347177,717168,14S,MAKS
816,2,MC10,4347792,717889,14S,MAKS
817,2,MD02,4339355,710057,14S,MAKS
818,2,MD03,4338982,708967,14S,MAKS
819,2,MD04,4339767,708025,14S,MAKS
820,2,MD05,4338950,707260,14S,MAKS
821,2,MD06,4338577,706203,14S,MAKS
822,2,MD07,4338711,704825,14S,MAKS
823,2,MD08,4338196,703898,14S,MAKS
824,2,MD09,4338277,702889,14S,MAKS
825,2,MD10,4337898,701694,14S,MAKS
1,1,W01-GFP1,573141.4,4398880.8,16,ININ
2,1,W01-GFP2,573076.5,4398710.9,16,ININ
3,1,W01-HCC1,571943.3,4398720.7,16,ININ
4,1,W01-WRG1,571077.3,4399135.7,16,ININ
5,1,W02-SGG1,569066.4,4404908.3,16,ININ
6,1,W02-CRS1,569459.1,4403325.7,16,ININ
7,1,W02-CRS2,569485.5,4403280.8,16,ININ
8,1,W02-EMP1,570682.7,4404351.4,16,ININ
9,1,W03-MEL1,568032.5,4407893.2,16,ININ
10,1,W03-RGC1,568621.1,4407057.4,16,ININ
11,1,W03-CHC1,570113.9,4408907.4,16,ININ
12,1,W04-BHC1,566327.3,4413427.7,16,ININ
13,1,W04-BHC2,566327.3,4413427.7,16,ININ
14,1,W04-WPC1,567902.3,4411983.9,16,ININ
15,1,W04-JSP1,569515.1,4413192.1,16,ININ
16,1,W05-IHS1,567079.4,4416838.6,16,ININ
17,1,W05-CPE1,567743.7,4418790.2,16,ININ
18,1,W06-UHS1,567455.4,4422813.7,16,ININ
19,1,W06-LSP1,567743.7,4418790.2,16,ININ
20,1,W06-CNP1,563341.3,4422200,16,ININ
21,1,W06-LRF1,564317.2,4423534.3,16,ININ
22,1,W07-UES1,564406.9,4428138.5,16,ININ
23,1,W07-UES2,564424.8,4428135.8,16,ININ
24,1,W07-INA1,563556.3,4426472,16,ININ
25,1,W07-SCB1,564093.7,4425556,16,ININ
26,1,W07-WAF1,565260.1,4429242.1,16,ININ
27,1,W08-WOG1,561063.5,4432145.1,16,ININ
28,1,W08-NST1,564604.7,4432470.4,16,ININ
29,1,W08-ROS1,560971.1,4432950.1,16,ININ
30,1,M01-PRG1,573575.9,4399739.7,16,ININ
31,1,M01-SAP1,574661.5,4399454.2,16,ININ
32,1,M02-BCF1,573599.9,4402891.6,16,ININ
33,1,M02-SBP1,574564.5,4404345.9,16,ININ
34,1,M02-SBP2,575379,4404372.9,16,ININ
35,1,M02-OBP1,573614.2,4404606.6,16,ININ
36,1,M03-ISD1,573607.1,4409627.5,16,ININ
37,1,M03-GWP1,575460.4,4407770.9,16,ININ
38,1,M03-FCP1,573357.1,4407149.7,16,ININ
39,1,M04-MHG1,571876.7,4414656.5,16,ININ
40,1,M04-MAP1,573492.9,4415512.6,16,ININ
41,1,M04-BAS1,574557.9,4411930,16,ININ
42,1,M05-SGC1,574222.9,4419770,16,ININ
43,1,M05-DFC1,572780.7,4419168.1,16,ININ
44,1,M05-DFC2,572759.1,4419168.6,16,ININ
45,1,M05-ISB1,573076.7,4416416.1,16,ININ
46,1,M05-ISB2,573073.1,4416415.1,16,ININ
47,1,M06-WGC1,574925.3,4422770.8,16,ININ
48,1,M06-MCP1,574111.3,4422648.6,16,ININ
49,1,M06-PGC1,572348.8,4422074.9,16,ININ
50,1,M07-CCT1,573710.2,4429128.8,16,ININ
51,1,M07-WFD1,574703.9,4429080.8,16,ININ
52,1,M07-CAC1,574342.1,4427021.4,16,ININ
53,1,M08-FTP1,575036.5,4433621.4,16,ININ
54,1,M08-MMT1,573255.7,4432495.3,16,ININ
55,1,M08-MMT2,573280.2,4432509.2,16,ININ
56,1,M08-WGP1,573202.2,4434865.9,16,ININ
57,1,W01-GFP3,572930.7,4398737.3,16,ININ
58,1,W02-SGG2,569232.5,4404947.6,16,ININ
59,1,W02-IZO1,570112,4402412,16,ININ
60,1,W02-IZO2,570111.9,4402422,16,ININ
61,1,W04-ROW1,567537.3,4414677.8,16,ININ
62,1,M05-SDC1,572604.6,4418896.1,16,ININ
64,1,W04-JSP2,569514.1,4413119.4,16,ININ
66,1,W02-IZO3,570565.2,4402284.6,16,ININ
67,1,W08-NST2,564604.7,4432470.4,16,ININ
68,1,W08-ROS2,560979.7,4432945.4,16,ININ
69,1,M03-GWP2,575460,4407805.5,16,ININ
70,1,M04-FRP1,571827.6,4412691.2,16,ININ
71,1,M03-FCP2,573350,4407163.6,16,ININ
298,1,D03-STB1,444847,4646615,16N,CHIL
299,1,D05-ADC1,433486,4651062,16N,CHIL
300,1,D07-ASC1,425518,4656746,16N,CHIL
301,1,D07-ASC2,426640,4656804,16N,CHIL
302,1,R05-MTC1,424431,4635651,16N,CHIL
303,1,S05-RES1,431534,4623607,16N,CHIL
304,1,S07-STJ1,422440,4616686,16N,CHIL
305,1,R04-SCH1,429577,4634101,16N,CHIL
306,1,D02-BMT1,444456,4640484,16N,CHIL
307,1,D02-BMT2,440629,4640447,16N,CHIL
308,1,D02-HUP1,441984,4639557,16N,CHIL
309,1,D02-HUP2,442021,4639560,16N,CHIL
310,1,D02-JBS1,446955,4644300,16N,CHIL
311,1,D02-MBS1,447564,4645804,16N,CHIL
312,1,D02-MBS2,447546,4645939,16N,CHIL
313,1,D02-MDU1,447542,4646060,16N,CHIL
314,1,D02-MOP1,439938,4640991,16N,CHIL
315,1,D02-RCP1,442530,4643467,16N,CHIL
316,1,D02-SCP1,443127,4641452,16N,CHIL
317,1,D03-AFP1,440609,4644105,16N,CHIL
318,1,D03-AMP1,438005,4646551,16N,CHIL
319,1,D03-CHP1,436807,4643667,16N,CHIL
320,1,D03-GOM1,439467,4647289,16N,CHIL
321,1,D03-HOR1,442425,4645302,16N,CHIL
322,1,D03-MFP1,438554,4645949,16N,CHIL
323,1,D03-MFP2,438478,4645958,16N,CHIL
324,1,D04-DNP1,435016,4646204,16N,CHIL
325,1,D04-FGP1,437490,4647531,16N,CHIL
326,1,D04-RDP1,434928,4648923,16N,CHIL
327,1,D04-ROS1,443025,4648618,16N,CHIL
328,1,D04-ROS2,442901,4648645,16N,CHIL
329,1,D05-BRP1,433167,4651141,16N,CHIL
330,1,J01-BBS1,449319,4633118,16N,CHIL
331,1,J01-CLP1,445913,4640354,16N,CHIL
332,1,J01-LMP1,449308,4631876,16N,CHIL
333,1,J01-NOR1,449545,4634500,16N,CHIL
334,1,J01-SEP1,446999,4639027,16N,CHIL
335,1,J01-SKP1,445154,4636654,16N,CHIL
336,1,J01-TFS1,449500,4632347,16N,CHIL
337,1,R02-ALT1,442607,4636103,16N,CHIL
338,1,R02-DPG1,441926,4634510,16N,CHIL
339,1,R02-FRP1,439183,4634676,16N,CHIL
340,1,R02-GFP1,440717,4637147,16N,CHIL
341,1,R03-AUP1,436203,4637589,16N,CHIL
342,1,R03-CPG1,435929,4636259,16N,CHIL
343,1,S02-BNS1,450739,4629074,16N,CHIL
344,1,S02-BRI1,442042,4631036,16N,CHIL
345,1,S02-CPR1,444272,4632517,16N,CHIL
346,1,S02-MCP1,443849,4630690,16N,CHIL
347,1,S02-PIP1,439385,4631521,16N,CHIL
348,1,S02-PLP1,446141,4632666,16N,CHIL
349,1,S02-TNE1,450172,4630663,16N,CHIL
350,1,S02-TNW1,450118,4630397,16N,CHIL
351,1,S03-ARP1,439022,4628447,16N,CHIL
352,1,S03-JKP1,451553,4625766,16N,CHIL
353,1,S03-JKP2,451796,4626151,16N,CHIL
354,1,S03-LCP1,437635,4629399,16N,CHIL
355,1,S03-PSP1,439199,4626503,16N,CHIL
356,1,S03-VIP1,437876,4628109,16N,CHIL
357,1,S03-WAP1,440288,4629118,16N,CHIL
358,1,S04-HAP1,435234,4625682,16N,CHIL
359,1,S04-SSP1,433760,4627804,16N,CHIL
360,1,S04-VFP1,433888,4626105,16N,CHIL
361,1,S04-WEP1,435111,4626634,16N,CHIL
362,1,D04-EDW1,436694,4648962,16N,CHIL
363,1,D04-EDW2,436637,4648897,16N,CHIL
364,1,D04-EDW3,436665,4649055,16N,CHIL
365,1,D04-EVC1,436420,4649014,16N,CHIL
366,1,D04-EVC2,436452,4649135,16N,CHIL
367,1,D05-MIA1,434129,4652772,16N,CHIL
368,1,D07-BEC1,426772,4658894,16N,CHIL
369,1,D07-BEC2,427405,4660671,16N,CHIL
370,1,D07-NOC1,427273,4660625,16N,CHIL
371,1,D08-DAW1,426250,4663690,16N,CHIL
372,1,D08-DAW2,425502,4665194,16N,CHIL
373,1,D08-DAW3,426125,4664126,16N,CHIL
374,1,R04-MMW1,431043,4633589,16N,CHIL
375,1,R04-MMW2,430931,4633766,16N,CHIL
376,1,S04-OTW1,433244,4629563,16N,CHIL
377,1,S06-CBW1,425314,4619769,16N,CHIL
378,1,S06-CBW2,425770,4620051,16N,CHIL
379,1,S07-SAG1,422039,4616369,16N,CHIL
380,1,R06-SLT1,420847,4635567,16N,CHIL
381,1,R06-YOW1,422550,4634509,16N,CHIL
382,1,R07-GOF1,413527,4635414,16N,CHIL
383,1,R08-WBK1,411883,4632753,16N,CHIL
384,1,R09-BLW1,404784,4635214,16N,CHIL
385,1,R09-LIM1,406346,4636101,16N,CHIL
386,1,R09-LIM2,406803,4636071,16N,CHIL
387,1,R10-WCP1,398919,4637762,16N,CHIL
388,1,R10-WCP2,397680,4638078,16N,CHIL
389,1,R10-WCP3,397958,4638235,16N,CHIL
390,1,R10-WDW1,401055,4635576,16N,CHIL
391,1,R10-WDW2,400992,4635649,16N,CHIL
392,1,S07-WGL1,421579,4617126,16N,CHIL
393,1,S07-WGL2,421471,4617014,16N,CHIL
394,1,S08-WGL1,416857,4616262,16N,CHIL
395,1,S08-WGL2,417471,4616052,16N,CHIL
396,1,R10-FRM1,395087,4630453,16N,CHIL
397,1,R10-FRM2,395829,4632027,16N,CHIL
398,1,R08-DAP1,410451,4636475,16N,CHIL
399,1,R08-PAP1,412095,4634351,16N,CHIL
400,1,D06-KCG1,429421,4658994,16N,CHIL
401,1,D09-RYW1,425325,4669890,16N,CHIL
402,1,D10-CAN1,422570,4676856,16N,CHIL
403,1,D10-CAN2,422493,4676831,16N,CHIL
404,1,D10-MAC1,423491,4678479,16N,CHIL
405,1,S10-LEW1,410239,4605858,16N,CHIL
406,1,R07-FSP1,415139,4633726,16N,CHIL
407,1,R07-MMP1,416773,4636279,16N,CHIL
408,1,R05-STP1,427869,4637181,16N,CHIL
409,1,R06-OTB1,418834,4633860,16N,CHIL
410,1,R03-EUC1,434285,4635174,16N,CHIL
411,1,R03-MAP1,433295,4635416,16N,CHIL
412,1,D05-MHC1,431095,4654039,16N,CHIL
413,1,D05-PRC1,431129,4652505,16N,CHIL
414,1,D08-CCC1,423792,4667808,16N,CHIL
415,1,D09-CLG1,424348,4670718,16N,CHIL
416,1,D09-CLG2,424105,4671322,16N,CHIL
417,1,R05-FMG1,424224,4633329,16N,CHIL
418,1,R05-GOC1,426715,4634340,16N,CHIL
419,1,R08-VLG1,411104,4633916,16N,CHIL
420,1,R09-CTG1,404483,4634157,16N,CHIL
421,1,R09-CTG2,404731,4634164,16N,CHIL
422,1,R09-CTG3,403529,4633792,16N,CHIL
423,1,R09-SMI1,407666,4634032,16N,CHIL
424,1,S05-LNC1,429760,4621558,16N,CHIL
425,1,S05-SFP1,428795,4623564,16N,CHIL
426,1,S05-SFP2,428691,4623408,16N,CHIL
427,1,S09-SMC1,415686,4612193,16N,CHIL
428,1,S10-LPC1,412640,4604963,16N,CHIL
429,1,J01-UIC1,446383,4635431,16N,CHIL
430,1,D07-PLN1,425355,4661968,16N,CHIL
431,1,D08-BOR1,427092,4665606,16N,CHIL
432,1,D09-BON1,421556,4670997,16N,CHIL
433,1,D09-BON2,421459,4671190,16N,CHIL
434,1,D10-KEM1,422642,4678827,16N,CHIL
435,1,R06-SLT2,420606,4636302,16N,CHIL
436,1,R07-YHR1,417861,4635347,16N,CHIL
437,1,D10-VHC1,421816,4674934,16N,CHIL
438,1,D09-VTC1,423286,4672819,16N,CHIL
439,1,S09-ILC1,411684,4610203,16N,CHIL
440,1,S09-KTP1,413952,4614568,16N,CHIL
441,1,S09-VTW1,411592,4613668,16N,CHIL
442,1,S09-VTW2,411772,4613771,16N,CHIL
443,1,S10-ILC1,410942,4610112,16N,CHIL
444,1,S10-LPP1,410609,4604013,16N,CHIL
445,1,S10-LPP2,410631,4604024,16N,CHIL
446,1,R04-MMW3,431311,4634958,16N,CHIL
447,1,S07-ARG1,419270,4619021,16N,CHIL
448,1,S07-ARG2,418417,4617933,16N,CHIL
449,1,C05-BEA1,451106,4611550,16N,CHIL
450,1,C06-BEA2,451554.9,4610553,16N,CHIL
451,1,C05-EGG1,456196.7,4615281,16N,CHIL
452,1,C05-EGG2,455874.8,4614501,16N,CHIL
453,1,D03-NPV1,439667,4648473,16N,CHIL
455,1,S05-SFP3,428494.2,4623310.9,16N,CHIL
1,1,WL1,-105.167945,40.635131,13T,FOCO
2,1,BW,-105.136304,40.619939,13T,FOCO
3,1,NSP,-105.102891,40.610595,13T,FOCO
4,1,LM1,-105.079221,40.597578,13T,FOCO
5,1,Udall1,-105.06832,40.587495,13T,FOCO
6,1,Springer1,-105.059729,40.580617,13T,FOCO
7,1,McMurry1,-105.093282,40.603108,13T,FOCO
8,1,CC1,-105.032559,40.568998,13T,FOCO
9,1,AR1,-105.001299,40.546894,13T,FOCO
10,1,ELC2,-105.01656,40.558145,13T,FOCO
11,1,ELC1,-105.012342,40.552173,13T,FOCO
12,1,Arapaho1,-105.000071,40.530147,13T,FOCO
13,1,NixFarm,-105.045453,40.576777,13T,FOCO
14,1,RunDeer2,-105.016137,40.56483,13T,FOCO
15,1,RR,-105.15463,40.61096,13T,FOCO
16,1,CL,-105.15067,40.58335,13T,FOCO
17,1,OP,-105.12858,40.57147,13T,FOCO
18,1,FCCO,-105.10017,40.5853,13T,FOCO
19,1,RFM,-105.11033,40.56513,13T,FOCO
20,1,RNA,-105.10356,40.55483,13T,FOCO
21,1,LP,-105.08599,40.56271,13T,FOCO
22,1,NMC,-105.08219,40.54255,13T,FOCO
23,1,PT,-105.04355,40.54889,13T,FOCO
24,1,WP,-105.05782,40.53551,13T,FOCO
25,1,ERP,-105.02827,40.53343,13T,FOCO
26,1,GMP,-105.04412,40.52725,13T,FOCO
27,1,HP,-105.02533,40.51722,13T,FOCO
28,1,HG,-105.00002,40.51598,13T,FOCO
29,1,MD,-105.01163,40.50873,13T,FOCO
30,1,FCR,-104.99891,40.49838,13T,FOCO
31,1,CLPMS,-105.14556,40.6259,13T,FOCO
1,1,A01-WMA1,612011,4628322,15T,ICIA
2,1,A01-RES1,612565,4629282,15T,ICIA
3,1,A01-WMA2,608540,4629689,15T,ICIA
4,1,A01-WMA3,610101,4629981,15T,ICIA
5,1,A02-WMA4,611380,4625714,15T,ICIA
6,1,A02-RES2,613182,4627681,15T,ICIA
7,1,A02-MET1,615534,4625243,15T,ICIA
8,1,A02-FUH1,612396,4624039,15T,ICIA
9,1,A03-YSC1,616727,4619932,15T,ICIA
10,1,A03-JOY1,616241,4621507,15T,ICIA
11,1,A03-CNA1,617125,4622400,15T,ICIA
12,1,A04-PEN1,619877,4614636,15T,ICIA
13,1,A04-WAT1,620599,4616179,15T,ICIA
14,1,A04-DOV1,620154,4618350,15T,ICIA
15,1,A04-AUB1,618356,4618895,15T,ICIA
16,1,A05-SHI1,622405,4615318,15T,ICIA
17,1,A05-SAN1,621034,4613687,15T,ICIA
18,1,A05-CRE1,624254,4612121,15T,ICIA
19,1,A05-BEN1,620878,4611926,15T,ICIA
20,1,A06-SHP1,622852,4609855,15T,ICIA
21,1,A06-SYC1,624662,4609515,15T,ICIA
22,1,A06-SYC2,624705,4608363,15T,ICIA
23,1,A06-TTB1,622643,4608583,15T,ICIA
24,1,A07-UIO1,618090,4614056,15T,ICIA
25,1,A07-CCG1,615776,4615649,15T,ICIA
26,1,A07-CBT1,615776,4615649,15T,ICIA
27,1,A07-CCG2,616808,4616448,15T,ICIA
28,1,A08-PET1,624376,4622462,15T,ICIA
29,1,A08-TCP1,623309,4622246,15T,ICIA
30,1,A08-RES3,621092,4620276,15T,ICIA
31,1,A08-RES4,622848,4620251,15T,ICIA
32,1,A09-HRP1,617238,4611949,15T,ICIA
33,1,A09-WCP1,619339,4611081,15T,ICIA
34,1,A09-TOK1,615887,4610735,15T,ICIA
35,1,A10-HHP1,623937,4614830,15T,ICIA
36,1,A10-HPR1,625804,4614896,15T,ICIA
37,1,A10-ACT1,625019,4615587,15T,ICIA
38,1,A10-GIL1,625978,4617522,15T,ICIA
39,1,ICIA39,617093,4610851,15T,ICIA
1,1,E01-SGP1,500623,4397858.3,13,DECO
2,1,E01-CHE1,502723.2,4398292.7,13,DECO
3,1,E01-CON1,503844.3,4397712.7,13,DECO
4,1,E01-CPW1,503509.3,4399546,13,DECO
5,1,E01-CPE1,505033.1,4400095.2,13,DECO
7,1,E02-LIN1,505849.2,4398193.4,13,DECO
8,1,E02-MON1,507820,4398297.3,13,DECO
9,1,E02-FTP1,508610.4,4400258.2,13,DECO
10,1,E02-MCN1,508643.2,4399343.7,13,DECO
11,1,E02-VER1,509358.1,4398323.4,13,DECO
12,1,E03-DMP1,513016.7,4397034.7,13,DECO
13,1,E03-SPG1,512035.2,4399295,13,DECO
14,1,E03-GEN1,513183.6,4399160.3,13,DECO
15,1,E03-SAC1,513674.3,4400739.4,13,DECO
16,1,E03-CWP1,514858.6,4400504.1,13,DECO
17,1,E04-SKW1,516914,4400343,13,DECO
18,1,E04-SKE1,517581,4399388.9,13,DECO
19,1,E04-APM1,517285.4,4397475.9,13,DECO
20,1,E04-SCR1,519532.8,4398372.5,13,DECO
21,1,E04-TER1,519836.6,4399828.4,13,DECO
22,1,W01-LIP1,499615.3,4398529.7,13,DECO
23,1,W01-GCP1,498605.2,4399666.3,13,DECO
24,1,W01-BAR1,497651.7,4397004,13,DECO
25,1,W01-MAR1,496467.7,4397854.6,13,DECO
26,1,W01-SLP1,496547.2,4399375.1,13,DECO
27,1,W02-WBP1,494787.3,4399278.4,13,DECO
28,1,W02-MOR1,492542,4399562.2,13,DECO
29,1,W02-CHP1,491598.3,4400781.8,13,DECO
30,1,W02-HOL1,491638.6,4397671.9,13,DECO
31,1,W02-SUN1,490143.9,4398206.4,13,DECO
32,1,W03-GRA1,489173.3,4400209.9,13,DECO
33,1,W03-CPP1,488032.1,4400698.8,13,DECO
34,1,W03-DAN1,487873.7,4398571.5,13,DECO
35,1,W03-WTP1,487656.5,4397826,13,DECO
36,1,W03-MGP1,486000.1,4401134,13,DECO
37,1,W04-PVP1,485224.2,4398568.4,13,DECO
38,1,W04-STM1,484251.5,4399303.9,13,DECO
39,1,W04-WES1,484105.3,4397787,13,DECO
40,1,W04-APE1,481212.8,4396628.2,13,DECO
41,1,W04-WSP1,479254.2,4400392.3,13,DECO
2,8,M01-BRT1,-89.46038,43.00241,16N,MAWI
3,8,M01-BRT2,-89.46098,43.01099,16N,MAWI
4,8,M01-BRT3,-89.46164,43.02083,16N,MAWI
5,8,M01-SWC1,-89.4602,43.0293,16N,MAWI
6,8,M01-SWC2,-89.4589,43.03815,16N,MAWI
7,8,M01-SWC3,-89.45329,43.04538,16N,MAWI
8,8,M01-SWC4,-89.4437,43.0507,16N,MAWI
9,8,M01-SWC5,-89.43479,43.05715,16N,MAWI
10,8,M01-SWC6,-89.42522,43.06362,16N,MAWI
11,8,M01-SWC7,-89.41445,43.06748,16N,MAWI
12,8,M01-SWC8,-89.40368,43.07082,16N,MAWI
13,8,M01-SWC9,-89.39123,43.06671,16N,MAWI
14,8,M01-CCT1,-89.37191,43.07925,16N,MAWI
15,8,M01-CCT2,-89.3649,43.08432,16N,MAWI
16,8,M01-CCT3,-89.35457,43.0905,16N,MAWI
17,8,M01-CCT4,-89.34554,43.09532,16N,MAWI
18,8,M01-STC1,-89.34123,43.1037,16N,MAWI
19,8,M01-STC2,-89.33911,43.11105,16N,MAWI
20,8,M01-STC3,-89.33308,43.11807,16N,MAWI
21,8,M01-RDP1,-89.31874,43.12249,16N,MAWI
22,8,M01-POR1,-89.3156,43.1311,16N,MAWI
23,8,M01-POR2,-89.30998,43.14017,16N,MAWI
24,8,M01-UWH1,-89.30319,43.15352,16N,MAWI
25,8,M01-AMF1,-89.29484,43.15895,16N,MAWI
1,,LBCA-1,,,,LBCA
2,,LBCA-2,,,,LBCA
3,,LBCA-3,,,,LBCA
4,,LBCA-4,,,,LBCA
5,,LBCA-5,,,,LBCA
6,,LBCA-6,,,,LBCA
7,,LBCA-7,,,,LBCA
8,,LBCA-8,,,,LBCA
9,,LBCA-9,,,,LBCA
10,,LBCA-10,,,,LBCA
11,,LBCA-11,,,,LBCA
12,,LBCA-12,,,,LBCA
13,,LBCA-13,,,,LBCA
14,,LBCA-14,,,,LBCA
15,,LBCA-15,,,,LBCA
16,,LBCA-16,,,,LBCA
17,,LBCA-17,,,,LBCA
18,,LBCA-18,,,,LBCA
19,,LBCA-19,,,,LBCA
20,,LBCA-20,,,,LBCA
21,,LBCA-21,,,,LBCA
22,,LBCA-22,,,,LBCA
23,,LBCA-23,,,,LBCA
24,,LBCA-24,,,,LBCA
1,,WIDE-A01-JSC1,450527,4407042,18N,WIDE
2,,WIDE-A01-MAR1,449426,4409283,18N,WIDE
3,,WIDE-A01-PLO1,448584,4408598,18N,WIDE
4,,WIDE-A01-FLW1,447373,4408269,18N,WIDE
5,,WIDE-A01-WIN1,449340,4405925,18N,WIDE
6,,WIDE-A02-ASP1,452317,4402627,18N,WIDE
7,,WIDE-A02-LMC1,451497,4405600,18N,WIDE
8,,WIDE-A03-MRP1,454872,4402200,18N,WIDE
9,,WIDE-A03-WBC1,452743,4400500,18N,WIDE
11,,WIDE-A03-SLP1,455678,4401247,18N,WIDE
12,,WIDE-A04-RPW1,450749,4396988,18N,WIDE
13,,WIDE-A04-CBP1,450209,4398639,18N,WIDE
14,,WIDE-A04-DEC1,451965,4397123,18N,WIDE
15,,WIDE-A05-CWP1,445493,4392220,18N,WIDE
16,,WIDE-A05-CMP1,449203,4394154,18N,WIDE
18,,WIDE-A05-FZS1,446822,4394371,18N,WIDE
19,,WIDE-A06-LMR1,441411,4390469,18N,WIDE
20,,WIDE-A06-SMP1,442140,4389203,18N,WIDE
21,,WIDE-A06-BRG1,441682,4388317,18N,WIDE
22,,WIDE-A06-LGP1,444424,4390830,18N,WIDE
23,,WIDE-A07-BKP1,439294,4386114,18N,WIDE
24,,WIDE-A07-RPL1,441098,4387585,18N,WIDE
25,,WIDE-A07-SSL1,437841,4386196,18N,WIDE
26,,WIDE-A08-SMB1,436692,4383015,18N,WIDE
27,,WIDE-A08-GLP1,439349,4385085,18N,WIDE
28,,WIDE-A08-SSL2,436555,4385695,18N,WIDE
29,,WIDE-A04-BNP1,444521,4390869,18N,WIDE
30,,WIDE-A03-RVC1,454440,4401128,18N,WIDE
